Time[ms],Realtime Tick,Present Position,Goal Position,Position Trajectory,change,error,K*error,Time[s]
0,17454,3659,3753,3753,0.0,94,5640,0.0
96,17550,3659,3753,3753,0.0,94,5640,0.096
175,17629,3659,3753,3753,0.0,94,5640,0.175
255,17709,3658,3753,3753,0.0,95,5700,0.255
335,17789,3659,3753,3753,0.0,94,5640,0.335
415,17869,3659,3753,3753,0.0,94,5640,0.415
496,17950,3658,3753,3753,0.0,95,5700,0.496
576,18030,3659,3753,3753,0.0,94,5640,0.576
656,18110,3659,3753,3753,0.0,94,5640,0.656
736,18190,3659,3753,3753,0.0,94,5640,0.736
816,18270,3659,3753,3753,0.0,94,5640,0.816
896,18350,3658,3753,3753,0.0,95,5700,0.896
976,18430,3659,3753,3753,0.0,94,5640,0.976
1056,18510,3659,3753,3753,0.0,94,5640,1.056
1136,18590,3659,3753,3753,0.0,94,5640,1.136
1216,18670,3659,3753,3753,0.0,94,5640,1.216
1296,18750,3659,3753,3753,0.0,94,5640,1.296
1376,18830,3658,3753,3753,0.0,95,5700,1.376
1456,18910,3659,3753,3753,0.0,94,5640,1.456
1536,18990,3659,3753,3753,0.0,94,5640,1.536
1616,19070,3659,3753,3753,0.0,94,5640,1.616
1696,19150,3659,3753,3753,0.0,94,5640,1.696
1776,19230,3659,3753,3753,0.0,94,5640,1.776
1856,19310,3659,3753,3753,0.0,94,5640,1.856
1936,19390,3659,3753,3753,0.0,94,5640,1.936
2016,19470,3659,3753,3753,0.0,94,5640,2.016
2096,19550,3659,3753,3753,0.0,94,5640,2.096
2176,19630,3659,3753,3753,0.0,94,5640,2.176
2256,19710,3659,3753,3753,0.0,94,5640,2.256
2336,19790,3658,3753,3753,0.0,95,5700,2.336
2416,19870,3659,3753,3753,0.0,94,5640,2.416
2495,19949,3659,3753,3753,0.0,94,5640,2.495
2575,20029,3659,3753,3753,0.0,94,5640,2.575
2656,20110,3659,3753,3753,0.0,94,5640,2.656
2736,20190,3659,3753,3753,0.0,94,5640,2.736
2815,20269,3658,3753,3753,0.0,95,5700,2.815
2896,20350,3658,3753,3753,0.0,95,5700,2.896
2977,20431,3659,3753,3753,0.0,94,5640,2.977
3055,20509,3658,3753,3753,0.0,95,5700,3.055
3135,20589,3659,3753,3753,0.0,94,5640,3.135
3216,20670,3659,3753,3753,0.0,94,5640,3.216
3296,20750,3658,3753,3753,0.0,95,5700,3.296
3376,20830,3659,3753,3753,0.0,94,5640,3.376
3456,20910,3659,3753,3753,0.0,94,5640,3.456
3535,20989,3659,3753,3753,0.0,94,5640,3.535
3615,21069,3659,3753,3753,0.0,94,5640,3.615
3695,21149,3659,3753,3753,0.0,94,5640,3.695
3775,21229,3659,3753,3753,0.0,94,5640,3.775
3855,21309,3659,3753,3753,0.0,94,5640,3.855
3935,21389,3659,3753,3753,0.0,94,5640,3.935
4015,21469,3659,3753,3753,0.0,94,5640,4.015
4095,21549,3659,3753,3753,0.0,94,5640,4.095
4175,21629,3658,3753,3753,0.0,95,5700,4.175
4255,21709,3659,3753,3753,0.0,94,5640,4.255
4335,21789,3659,3753,3753,0.0,94,5640,4.335
4415,21869,3659,3753,3753,0.0,94,5640,4.415
4495,21949,3659,3753,3753,0.0,94,5640,4.495
4575,22029,3659,3753,3753,0.0,94,5640,4.575
4655,22109,3659,3753,3753,0.0,94,5640,4.655
4735,22189,3658,3753,3753,0.0,95,5700,4.735
4815,22269,3659,3753,3753,0.0,94,5640,4.815
4895,22349,3658,3753,3753,0.0,95,5700,4.895
4975,22429,3659,3753,3753,0.0,94,5640,4.975
5055,22509,3659,3753,3753,0.0,94,5640,5.055
5135,22589,3659,3753,3753,0.0,94,5640,5.135
5215,22669,3659,3753,3753,0.0,94,5640,5.215
5295,22749,3659,3753,3753,0.0,94,5640,5.295
5376,22830,3659,3753,3753,0.0,94,5640,5.376
5456,22910,3659,3753,3753,0.0,94,5640,5.456
5535,22989,3659,3753,3753,0.0,94,5640,5.535
5615,23069,3658,3753,3753,0.0,95,5700,5.615
5695,23149,3659,3753,3753,0.0,94,5640,5.695
5776,23230,3659,3753,3753,0.0,94,5640,5.776
5855,23309,3659,3753,3753,0.0,94,5640,5.855
5935,23389,3658,3753,3753,0.0,95,5700,5.935
6016,23470,3659,3753,3753,0.0,94,5640,6.016
6095,23549,3659,3753,3753,0.0,94,5640,6.095
6175,23629,3659,3753,3753,0.0,94,5640,6.175
6255,23709,3659,3753,3753,0.0,94,5640,6.255
6335,23789,3658,3753,3753,0.0,95,5700,6.335
6415,23869,3659,3753,3753,0.0,94,5640,6.415
6495,23949,3659,3753,3753,0.0,94,5640,6.495
6576,24030,3659,3753,3753,0.0,94,5640,6.576
6655,24109,3659,3753,3753,0.0,94,5640,6.655
6735,24189,3659,3753,3753,0.0,94,5640,6.735
6815,24269,3659,3753,3753,0.0,94,5640,6.815
6895,24349,3658,3753,3753,0.0,95,5700,6.895
6975,24429,3659,3753,3753,0.0,94,5640,6.975
7055,24509,3659,3753,3753,0.0,94,5640,7.055
7135,24589,3659,3753,3753,0.0,94,5640,7.135
7227,24681,3658,3003,3003,-750.0,-655,-39300,7.227
7315,24769,3572,3003,3003,0.0,-569,-34140,7.315
7395,24849,3479,3003,3003,0.0,-476,-28560,7.395
7474,24928,3402,3003,3003,0.0,-399,-23940,7.474
7555,25009,3341,3003,3003,0.0,-338,-20280,7.555
7635,25089,3293,3003,3003,0.0,-290,-17400,7.635
7715,25169,3254,3003,3003,0.0,-251,-15060,7.715
7795,25249,3223,3003,3003,0.0,-220,-13200,7.795
7875,25329,3200,3003,3003,0.0,-197,-11820,7.875
7955,25409,3178,3003,3003,0.0,-175,-10500,7.955
8034,25488,3160,3003,3003,0.0,-157,-9420,8.034
8115,25569,3150,3003,3003,0.0,-147,-8820,8.115
8194,25648,3141,3003,3003,0.0,-138,-8280,8.194
8275,25729,3129,3003,3003,0.0,-126,-7560,8.275
8355,25809,3120,3003,3003,0.0,-117,-7020,8.355
8435,25889,3114,3003,3003,0.0,-111,-6660,8.435
8514,25968,3112,3003,3003,0.0,-109,-6540,8.514
8594,26048,3112,3003,3003,0.0,-109,-6540,8.594
8675,26129,3112,3003,3003,0.0,-109,-6540,8.675
8755,26209,3112,3003,3003,0.0,-109,-6540,8.755
8835,26289,3112,3003,3003,0.0,-109,-6540,8.835
8915,26369,3112,3003,3003,0.0,-109,-6540,8.915
8995,26449,3112,3003,3003,0.0,-109,-6540,8.995
9075,26529,3112,3003,3003,0.0,-109,-6540,9.075
9155,26609,3112,3003,3003,0.0,-109,-6540,9.155
9235,26689,3112,3003,3003,0.0,-109,-6540,9.235
9314,26768,3112,3003,3003,0.0,-109,-6540,9.314
9394,26848,3112,3003,3003,0.0,-109,-6540,9.394
9474,26928,3112,3003,3003,0.0,-109,-6540,9.474
9554,27008,3112,3003,3003,0.0,-109,-6540,9.554
9634,27088,3112,3003,3003,0.0,-109,-6540,9.634
9714,27168,3112,3003,3003,0.0,-109,-6540,9.714
9795,27249,3112,3003,3003,0.0,-109,-6540,9.795
9875,27329,3112,3003,3003,0.0,-109,-6540,9.875
9954,27408,3112,3003,3003,0.0,-109,-6540,9.954
10034,27488,3112,3003,3003,0.0,-109,-6540,10.034
10114,27568,3112,3003,3003,0.0,-109,-6540,10.114
10194,27648,3112,3003,3003,0.0,-109,-6540,10.194
10275,27729,3112,3003,3003,0.0,-109,-6540,10.275
10354,27808,3112,3003,3003,0.0,-109,-6540,10.354
10434,27888,3112,3003,3003,0.0,-109,-6540,10.434
10514,27968,3112,3003,3003,0.0,-109,-6540,10.514
10594,28048,3112,3003,3003,0.0,-109,-6540,10.594
10674,28128,3112,3003,3003,0.0,-109,-6540,10.674
10754,28208,3112,3003,3003,0.0,-109,-6540,10.754
10834,28288,3112,3003,3003,0.0,-109,-6540,10.834
10914,28368,3112,3003,3003,0.0,-109,-6540,10.914
10995,28449,3112,3003,3003,0.0,-109,-6540,10.995
11074,28528,3112,3003,3003,0.0,-109,-6540,11.074
11154,28608,3112,3003,3003,0.0,-109,-6540,11.154
11234,28688,3112,3003,3003,0.0,-109,-6540,11.234
11314,28768,3112,3003,3003,0.0,-109,-6540,11.314
11395,28849,3112,3003,3003,0.0,-109,-6540,11.395
11474,28928,3112,3003,3003,0.0,-109,-6540,11.474
11554,29008,3112,3003,3003,0.0,-109,-6540,11.554
11634,29088,3112,3003,3003,0.0,-109,-6540,11.634
11714,29168,3112,3003,3003,0.0,-109,-6540,11.714
11794,29248,3112,3003,3003,0.0,-109,-6540,11.794
11874,29328,3112,3003,3003,0.0,-109,-6540,11.874
11954,29408,3112,3003,3003,0.0,-109,-6540,11.954
12034,29488,3112,3003,3003,0.0,-109,-6540,12.034
12114,29568,3112,3003,3003,0.0,-109,-6540,12.114
12194,29648,3112,3003,3003,0.0,-109,-6540,12.194
12274,29728,3112,3003,3003,0.0,-109,-6540,12.274
12354,29808,3112,3003,3003,0.0,-109,-6540,12.354
12434,29888,3112,3003,3003,0.0,-109,-6540,12.434
12514,29968,3112,3003,3003,0.0,-109,-6540,12.514
12594,30048,3112,3003,3003,0.0,-109,-6540,12.594
12674,30128,3112,3003,3003,0.0,-109,-6540,12.674
12754,30208,3112,3003,3003,0.0,-109,-6540,12.754
12834,30288,3112,3003,3003,0.0,-109,-6540,12.834
12914,30368,3112,3003,3003,0.0,-109,-6540,12.914
12994,30448,3112,3003,3003,0.0,-109,-6540,12.994
13074,30528,3112,3003,3003,0.0,-109,-6540,13.074
13154,30608,3112,3003,3003,0.0,-109,-6540,13.154
13234,30688,3112,3003,3003,0.0,-109,-6540,13.234
13321,30775,3111,1961,1961,-1042.0,-1150,-69000,13.321
13395,30849,2998,1961,1961,0.0,-1037,-62220,13.395
13474,30928,2836,1961,1961,0.0,-875,-52500,13.474
13554,31008,2688,1961,1961,0.0,-727,-43620,13.554
13634,31088,2563,1961,1961,0.0,-602,-36120,13.634
13714,31168,2461,1961,1961,0.0,-500,-30000,13.714
13794,31248,2381,1961,1961,0.0,-420,-25200,13.794
13874,31328,2317,1961,1961,0.0,-356,-21360,13.874
13954,31408,2267,1961,1961,0.0,-306,-18360,13.954
14034,31488,2227,1961,1961,0.0,-266,-15960,14.034
14114,31568,2194,1961,1961,0.0,-233,-13980,14.114
14194,31648,2167,1961,1961,0.0,-206,-12360,14.194
14274,31728,2146,1961,1961,0.0,-185,-11100,14.274
14354,31808,2130,1961,1961,0.0,-169,-10140,14.354
14434,31888,2117,1961,1961,0.0,-156,-9360,14.434
14514,31968,2106,1961,1961,0.0,-145,-8700,14.514
14594,32048,2100,1961,1961,0.0,-139,-8340,14.594
14674,32128,2097,1961,1961,0.0,-136,-8160,14.674
14754,32208,2095,1961,1961,0.0,-134,-8040,14.754
14834,32288,2094,1961,1961,0.0,-133,-7980,14.834
14914,32368,2094,1961,1961,0.0,-133,-7980,14.914
14994,32448,2094,1961,1961,0.0,-133,-7980,14.994
15074,32528,2094,1961,1961,0.0,-133,-7980,15.074
15154,32608,2094,1961,1961,0.0,-133,-7980,15.154
15234,32688,2094,1961,1961,0.0,-133,-7980,15.234
15313,0,2094,1961,1961,0.0,-133,-7980,15.313
15393,80,2094,1961,1961,0.0,-133,-7980,15.393
15473,160,2094,1961,1961,0.0,-133,-7980,15.473
15553,240,2094,1961,1961,0.0,-133,-7980,15.553
15633,320,2094,1961,1961,0.0,-133,-7980,15.633
15713,400,2094,1961,1961,0.0,-133,-7980,15.713
15793,480,2094,1961,1961,0.0,-133,-7980,15.793
15873,560,2094,1961,1961,0.0,-133,-7980,15.873
15953,640,2094,1961,1961,0.0,-133,-7980,15.953
16033,720,2094,1961,1961,0.0,-133,-7980,16.033
16112,799,2094,1961,1961,0.0,-133,-7980,16.112
16193,880,2094,1961,1961,0.0,-133,-7980,16.193
16273,960,2094,1961,1961,0.0,-133,-7980,16.273
16353,1040,2094,1961,1961,0.0,-133,-7980,16.353
16433,1120,2094,1961,1961,0.0,-133,-7980,16.433
16514,1201,2094,1961,1961,0.0,-133,-7980,16.514
16593,1280,2094,1961,1961,0.0,-133,-7980,16.593
16673,1360,2094,1961,1961,0.0,-133,-7980,16.673
16752,1439,2094,1961,1961,0.0,-133,-7980,16.752
16833,1520,2094,1961,1961,0.0,-133,-7980,16.833
16913,1600,2094,1961,1961,0.0,-133,-7980,16.913
16993,1680,2094,1961,1961,0.0,-133,-7980,16.993
17073,1760,2094,1961,1961,0.0,-133,-7980,17.073
17152,1839,2094,1961,1961,0.0,-133,-7980,17.152
17232,1919,2094,1961,1961,0.0,-133,-7980,17.232
17312,1999,2094,1961,1961,0.0,-133,-7980,17.312
17393,2080,2094,1961,1961,0.0,-133,-7980,17.393
17473,2160,2094,1961,1961,0.0,-133,-7980,17.473
17553,2240,2094,1961,1961,0.0,-133,-7980,17.553
17633,2320,2094,1961,1961,0.0,-133,-7980,17.633
17712,2399,2094,1961,1961,0.0,-133,-7980,17.712
17793,2480,2094,1961,1961,0.0,-133,-7980,17.793
17873,2560,2094,1961,1961,0.0,-133,-7980,17.873
17952,2639,2094,1961,1961,0.0,-133,-7980,17.952
18032,2719,2094,1961,1961,0.0,-133,-7980,18.032
18113,2800,2094,1961,1961,0.0,-133,-7980,18.113
18193,2880,2094,1961,1961,0.0,-133,-7980,18.193
18273,2960,2094,1961,1961,0.0,-133,-7980,18.273
18353,3040,2094,1961,1961,0.0,-133,-7980,18.353
18433,3120,2094,1961,1961,0.0,-133,-7980,18.433
18512,3199,2094,1961,1961,0.0,-133,-7980,18.512
18594,3281,2094,1961,1961,0.0,-133,-7980,18.594
18673,3360,2094,1961,1961,0.0,-133,-7980,18.673
18753,3440,2094,1961,1961,0.0,-133,-7980,18.753
18838,3525,2095,3512,3512,1551.0,1417,85020,18.838
18913,3600,2242,3512,3512,0.0,1270,76200,18.913
18992,3679,2446,3512,3512,0.0,1066,63960,18.992
19073,3760,2639,3512,3512,0.0,873,52380,19.073
19152,3839,2796,3512,3512,0.0,716,42960,19.152
19233,3920,2917,3512,3512,0.0,595,35700,19.233
19312,3999,3012,3512,3512,0.0,500,30000,19.312
19392,4079,3087,3512,3512,0.0,425,25500,19.392
19472,4159,3148,3512,3512,0.0,364,21840,19.472
19552,4239,3198,3512,3512,0.0,314,18840,19.552
19632,4319,3235,3512,3512,0.0,277,16620,19.632
19713,4400,3266,3512,3512,0.0,246,14760,19.713
19793,4480,3294,3512,3512,0.0,218,13080,19.793
19873,4560,3311,3512,3512,0.0,201,12060,19.873
19952,4639,3329,3512,3512,0.0,183,10980,19.952
20032,4719,3345,3512,3512,0.0,167,10020,20.032
20112,4799,3354,3512,3512,0.0,158,9480,20.112
20192,4879,3359,3512,3512,0.0,153,9180,20.192
20272,4959,3362,3512,3512,0.0,150,9000,20.272
20353,5040,3369,3512,3512,0.0,143,8580,20.353
20432,5119,3378,3512,3512,0.0,134,8040,20.432
20512,5199,3386,3512,3512,0.0,126,7560,20.512
20592,5279,3392,3512,3512,0.0,120,7200,20.592
20673,5360,3395,3512,3512,0.0,117,7020,20.673
20752,5439,3397,3512,3512,0.0,115,6900,20.752
20833,5520,3397,3512,3512,0.0,115,6900,20.833
20912,5599,3397,3512,3512,0.0,115,6900,20.912
20992,5679,3397,3512,3512,0.0,115,6900,20.992
21072,5759,3397,3512,3512,0.0,115,6900,21.072
21153,5840,3397,3512,3512,0.0,115,6900,21.153
21232,5919,3397,3512,3512,0.0,115,6900,21.232
21312,5999,3397,3512,3512,0.0,115,6900,21.312
21392,6079,3397,3512,3512,0.0,115,6900,21.392
21473,6160,3397,3512,3512,0.0,115,6900,21.473
21553,6240,3397,3512,3512,0.0,115,6900,21.553
21632,6319,3397,3512,3512,0.0,115,6900,21.632
21712,6399,3397,3512,3512,0.0,115,6900,21.712
21792,6479,3397,3512,3512,0.0,115,6900,21.792
21873,6560,3398,3512,3512,0.0,114,6840,21.873
21952,6639,3397,3512,3512,0.0,115,6900,21.952
22032,6719,3398,3512,3512,0.0,114,6840,22.032
22113,6800,3397,3512,3512,0.0,115,6900,22.113
22192,6879,3398,3512,3512,0.0,114,6840,22.192
22273,6960,3397,3512,3512,0.0,115,6900,22.273
22352,7039,3398,3512,3512,0.0,114,6840,22.352
22432,7119,3398,3512,3512,0.0,114,6840,22.432
22512,7199,3398,3512,3512,0.0,114,6840,22.512
22592,7279,3398,3512,3512,0.0,114,6840,22.592
22672,7359,3398,3512,3512,0.0,114,6840,22.672
22752,7439,3397,3512,3512,0.0,115,6900,22.752
22831,7518,3397,3512,3512,0.0,115,6900,22.831
22912,7599,3398,3512,3512,0.0,114,6840,22.912
22992,7679,3397,3512,3512,0.0,115,6900,22.992
23072,7759,3397,3512,3512,0.0,115,6900,23.072
23152,7839,3397,3512,3512,0.0,115,6900,23.152
23232,7919,3398,3512,3512,0.0,114,6840,23.232
23312,7999,3397,3512,3512,0.0,115,6900,23.312
23391,8078,3397,3512,3512,0.0,115,6900,23.391
23472,8159,3398,3512,3512,0.0,114,6840,23.472
23552,8239,3397,3512,3512,0.0,115,6900,23.552
23632,8319,3398,3512,3512,0.0,114,6840,23.632
23711,8398,3397,3512,3512,0.0,115,6900,23.711
23792,8479,3397,3512,3512,0.0,115,6900,23.792
23871,8558,3397,3512,3512,0.0,115,6900,23.871
23952,8639,3397,3512,3512,0.0,115,6900,23.952
24031,8718,3397,3512,3512,0.0,115,6900,24.031
24111,8798,3397,3512,3512,0.0,115,6900,24.111
24192,8879,3397,3512,3512,0.0,115,6900,24.192
24272,8959,3397,3512,3512,0.0,115,6900,24.272
24352,9039,3398,3512,3512,0.0,114,6840,24.352
24431,9118,3398,3512,3512,0.0,114,6840,24.431
24512,9199,3398,3512,3512,0.0,114,6840,24.512
24592,9279,3398,3512,3512,0.0,114,6840,24.592
24672,9359,3398,3512,3512,0.0,114,6840,24.672
24752,9439,3398,3512,3512,0.0,114,6840,24.752
24831,9518,3398,3512,3512,0.0,114,6840,24.831
24912,9599,3398,3512,3512,0.0,114,6840,24.912
24991,9678,3398,3512,3512,0.0,114,6840,24.991
25091,9778,3404,4019,4019,507.0,615,36900,25.091
25172,9859,3478,4019,4019,0.0,541,32460,25.172
25251,9938,3557,4019,4019,0.0,462,27720,25.251
25331,10018,3625,4019,4019,0.0,394,23640,25.331
25412,10099,3681,4019,4019,0.0,338,20280,25.412
25491,10178,3726,4019,4019,0.0,293,17580,25.491
25572,10259,3764,4019,4019,0.0,255,15300,25.572
25651,10338,3792,4019,4019,0.0,227,13620,25.651
25731,10418,3818,4019,4019,0.0,201,12060,25.731
25811,10498,3838,4019,4019,0.0,181,10860,25.811
25891,10578,3854,4019,4019,0.0,165,9900,25.891
25972,10659,3868,4019,4019,0.0,151,9060,25.972
26051,10738,3880,4019,4019,0.0,139,8340,26.051
26132,10819,3885,4019,4019,0.0,134,8040,26.132
26212,10899,3889,4019,4019,0.0,130,7800,26.212
26292,10979,3892,4019,4019,0.0,127,7620,26.292
26372,11059,3894,4019,4019,0.0,125,7500,26.372
26451,11138,3897,4019,4019,0.0,122,7320,26.451
26531,11218,3900,4019,4019,0.0,119,7140,26.531
26612,11299,3903,4019,4019,0.0,116,6960,26.612
26691,11378,3908,4019,4019,0.0,111,6660,26.691
26771,11458,3909,4019,4019,0.0,110,6600,26.771
26851,11538,3911,4019,4019,0.0,108,6480,26.851
26932,11619,3913,4019,4019,0.0,106,6360,26.932
27011,11698,3912,4019,4019,0.0,107,6420,27.011
27091,11778,3913,4019,4019,0.0,106,6360,27.091
27172,11859,3913,4019,4019,0.0,106,6360,27.172
27251,11938,3913,4019,4019,0.0,106,6360,27.251
27332,12019,3913,4019,4019,0.0,106,6360,27.332
27411,12098,3912,4019,4019,0.0,107,6420,27.411
27492,12179,3913,4019,4019,0.0,106,6360,27.492
27571,12258,3913,4019,4019,0.0,106,6360,27.571
27652,12339,3913,4019,4019,0.0,106,6360,27.652
27731,12418,3913,4019,4019,0.0,106,6360,27.731
27811,12498,3913,4019,4019,0.0,106,6360,27.811
27891,12578,3913,4019,4019,0.0,106,6360,27.891
27971,12658,3913,4019,4019,0.0,106,6360,27.971
28051,12738,3913,4019,4019,0.0,106,6360,28.051
28131,12818,3913,4019,4019,0.0,106,6360,28.131
28212,12899,3913,4019,4019,0.0,106,6360,28.212
28291,12978,3913,4019,4019,0.0,106,6360,28.291
28372,13059,3913,4019,4019,0.0,106,6360,28.372
28451,13138,3913,4019,4019,0.0,106,6360,28.451
28532,13219,3913,4019,4019,0.0,106,6360,28.532
28611,13298,3913,4019,4019,0.0,106,6360,28.611
28691,13378,3913,4019,4019,0.0,106,6360,28.691
28771,13458,3913,4019,4019,0.0,106,6360,28.771
28851,13538,3913,4019,4019,0.0,106,6360,28.851
28931,13618,3913,4019,4019,0.0,106,6360,28.931
29011,13698,3913,4019,4019,0.0,106,6360,29.011
29092,13779,3913,4019,4019,0.0,106,6360,29.092
29172,13859,3913,4019,4019,0.0,106,6360,29.172
29252,13939,3913,4019,4019,0.0,106,6360,29.252
29332,14019,3913,4019,4019,0.0,106,6360,29.332
29411,14098,3913,4019,4019,0.0,106,6360,29.411
29491,14178,3913,4019,4019,0.0,106,6360,29.491
29571,14258,3913,4019,4019,0.0,106,6360,29.571
29652,14339,3913,4019,4019,0.0,106,6360,29.652
29731,14418,3913,4019,4019,0.0,106,6360,29.731
29811,14498,3913,4019,4019,0.0,106,6360,29.811
29891,14578,3913,4019,4019,0.0,106,6360,29.891
29971,14658,3913,4019,4019,0.0,106,6360,29.971
30051,14738,3913,4019,4019,0.0,106,6360,30.051
30132,14819,3913,4019,4019,0.0,106,6360,30.132
30211,14898,3913,4019,4019,0.0,106,6360,30.211
30291,14978,3913,4019,4019,0.0,106,6360,30.291
30371,15058,3913,4019,4019,0.0,106,6360,30.371
30451,15138,3913,4019,4019,0.0,106,6360,30.451
30531,15218,3913,4019,4019,0.0,106,6360,30.531
30612,15299,3913,4019,4019,0.0,106,6360,30.612
30692,15379,3913,4019,4019,0.0,106,6360,30.692
30771,15458,3913,4019,4019,0.0,106,6360,30.771
30851,15538,3913,4019,4019,0.0,106,6360,30.851
30934,15621,3912,2121,2121,-1898.0,-1791,-107460,30.934
31031,15718,3649,2121,2121,0.0,-1528,-91680,31.031
31110,15797,3386,2121,2121,0.0,-1265,-75900,31.11
31191,15878,3161,2121,2121,0.0,-1040,-62400,31.191
31271,15958,2978,2121,2121,0.0,-857,-51420,31.271
31351,16038,2834,2121,2121,0.0,-713,-42780,31.351
31431,16118,2715,2121,2121,0.0,-594,-35640,31.431
31512,16199,2615,2121,2121,0.0,-494,-29640,31.512
31591,16278,2536,2121,2121,0.0,-415,-24900,31.591
31671,16358,2470,2121,2121,0.0,-349,-20940,31.671
31751,16438,2419,2121,2121,0.0,-298,-17880,31.751
31831,16518,2378,2121,2121,0.0,-257,-15420,31.831
31910,16597,2349,2121,2121,0.0,-228,-13680,31.91
31991,16678,2321,2121,2121,0.0,-200,-12000,31.991
32070,16757,2302,2121,2121,0.0,-181,-10860,32.07
32151,16838,2285,2121,2121,0.0,-164,-9840,32.151
32230,16917,2271,2121,2121,0.0,-150,-9000,32.23
32310,16997,2260,2121,2121,0.0,-139,-8340,32.31
32390,17077,2252,2121,2121,0.0,-131,-7860,32.39
32471,17158,2248,2121,2121,0.0,-127,-7620,32.471
32551,17238,2245,2121,2121,0.0,-124,-7440,32.551
32630,17317,2242,2121,2121,0.0,-121,-7260,32.63
32710,17397,2239,2121,2121,0.0,-118,-7080,32.71
32791,17478,2234,2121,2121,0.0,-113,-6780,32.791
32870,17557,2230,2121,2121,0.0,-109,-6540,32.87
32951,17638,2228,2121,2121,0.0,-107,-6420,32.951
33031,17718,2227,2121,2121,0.0,-106,-6360,33.031
33111,17798,2227,2121,2121,0.0,-106,-6360,33.111
33191,17878,2228,2121,2121,0.0,-107,-6420,33.191
33271,17958,2228,2121,2121,0.0,-107,-6420,33.271
33351,18038,2227,2121,2121,0.0,-106,-6360,33.351
33431,18118,2227,2121,2121,0.0,-106,-6360,33.431
33511,18198,2227,2121,2121,0.0,-106,-6360,33.511
33591,18278,2227,2121,2121,0.0,-106,-6360,33.591
33670,18357,2227,2121,2121,0.0,-106,-6360,33.67
33750,18437,2227,2121,2121,0.0,-106,-6360,33.75
33830,18517,2227,2121,2121,0.0,-106,-6360,33.83
33910,18597,2228,2121,2121,0.0,-107,-6420,33.91
33992,18679,2227,2121,2121,0.0,-106,-6360,33.992
34071,18758,2227,2121,2121,0.0,-106,-6360,34.071
34150,18837,2227,2121,2121,0.0,-106,-6360,34.15
34231,18918,2227,2121,2121,0.0,-106,-6360,34.231
34311,18998,2227,2121,2121,0.0,-106,-6360,34.311
34391,19078,2227,2121,2121,0.0,-106,-6360,34.391
34471,19158,2227,2121,2121,0.0,-106,-6360,34.471
34551,19238,2227,2121,2121,0.0,-106,-6360,34.551
34632,19319,2227,2121,2121,0.0,-106,-6360,34.632
34712,19399,2228,2121,2121,0.0,-107,-6420,34.712
34790,19477,2227,2121,2121,0.0,-106,-6360,34.79
34870,19557,2227,2121,2121,0.0,-106,-6360,34.87
34951,19638,2227,2121,2121,0.0,-106,-6360,34.951
35030,19717,2227,2121,2121,0.0,-106,-6360,35.03
35111,19798,2227,2121,2121,0.0,-106,-6360,35.111
35191,19878,2227,2121,2121,0.0,-106,-6360,35.191
35291,19978,2227,2121,2121,0.0,-106,-6360,35.291
35370,20057,2227,2121,2121,0.0,-106,-6360,35.37
35450,20137,2227,2121,2121,0.0,-106,-6360,35.45
35530,20217,2227,2121,2121,0.0,-106,-6360,35.53
35610,20297,2227,2121,2121,0.0,-106,-6360,35.61
35690,20377,2227,2121,2121,0.0,-106,-6360,35.69
35770,20457,2227,2121,2121,0.0,-106,-6360,35.77
35850,20537,2227,2121,2121,0.0,-106,-6360,35.85
35931,20618,2227,2121,2121,0.0,-106,-6360,35.931
36011,20698,2227,2121,2121,0.0,-106,-6360,36.011
36091,20778,2227,2121,2121,0.0,-106,-6360,36.091
36170,20857,2227,2121,2121,0.0,-106,-6360,36.17
36250,20937,2227,2121,2121,0.0,-106,-6360,36.25
36331,21018,2227,2121,2121,0.0,-106,-6360,36.331
36410,21097,2227,2121,2121,0.0,-106,-6360,36.41
36490,21177,2227,2121,2121,0.0,-106,-6360,36.49
36571,21258,2227,2121,2121,0.0,-106,-6360,36.571
36651,21338,2227,2121,2121,0.0,-106,-6360,36.651
36730,21417,2227,2121,2121,0.0,-106,-6360,36.73
36810,21497,2227,2121,2121,0.0,-106,-6360,36.81
36890,21577,2227,2121,2121,0.0,-106,-6360,36.89
36970,21657,2227,2121,2121,0.0,-106,-6360,36.97
37050,21737,2227,2121,2121,0.0,-106,-6360,37.05
37130,21817,2227,2121,2121,0.0,-106,-6360,37.13
37210,21897,2227,2121,2121,0.0,-106,-6360,37.21
37290,21977,2227,2121,2121,0.0,-106,-6360,37.29
37370,22057,2227,2121,2121,0.0,-106,-6360,37.37
37450,22137,2227,2121,2121,0.0,-106,-6360,37.45
37530,22217,2227,2121,2121,0.0,-106,-6360,37.53
37610,22297,2227,2121,2121,0.0,-106,-6360,37.61
37690,22377,2227,2121,2121,0.0,-106,-6360,37.69
37780,22467,2228,3208,3208,1087.0,980,58800,37.78
37850,22537,2324,3208,3208,0.0,884,53040,37.85
37930,22617,2465,3208,3208,0.0,743,44580,37.93
38010,22697,2595,3208,3208,0.0,613,36780,38.01
38090,22777,2701,3208,3208,0.0,507,30420,38.09
38170,22857,2787,3208,3208,0.0,421,25260,38.17
38250,22937,2851,3208,3208,0.0,357,21420,38.25
38330,23017,2903,3208,3208,0.0,305,18300,38.33
38410,23097,2942,3208,3208,0.0,266,15960,38.41
38490,23177,2976,3208,3208,0.0,232,13920,38.49
38570,23257,2998,3208,3208,0.0,210,12600,38.57
38650,23337,3021,3208,3208,0.0,187,11220,38.65
38730,23417,3036,3208,3208,0.0,172,10320,38.73
38809,23496,3043,3208,3208,0.0,165,9900,38.809
38890,23577,3051,3208,3208,0.0,157,9420,38.89
38970,23657,3063,3208,3208,0.0,145,8700,38.97
39050,23737,3072,3208,3208,0.0,136,8160,39.05
39130,23817,3078,3208,3208,0.0,130,7800,39.13
39210,23897,3080,3208,3208,0.0,128,7680,39.21
39290,23977,3081,3208,3208,0.0,127,7620,39.29
39370,24057,3081,3208,3208,0.0,127,7620,39.37
39449,24136,3081,3208,3208,0.0,127,7620,39.449
39530,24217,3081,3208,3208,0.0,127,7620,39.53
39610,24297,3081,3208,3208,0.0,127,7620,39.61
39689,24376,3081,3208,3208,0.0,127,7620,39.689
39770,24457,3081,3208,3208,0.0,127,7620,39.77
39850,24537,3081,3208,3208,0.0,127,7620,39.85
39930,24617,3081,3208,3208,0.0,127,7620,39.93
40010,24697,3081,3208,3208,0.0,127,7620,40.01
40090,24777,3081,3208,3208,0.0,127,7620,40.09
40170,24857,3081,3208,3208,0.0,127,7620,40.17
40250,24937,3081,3208,3208,0.0,127,7620,40.25
40329,25016,3081,3208,3208,0.0,127,7620,40.329
40410,25097,3081,3208,3208,0.0,127,7620,40.41
40490,25177,3081,3208,3208,0.0,127,7620,40.49
40569,25256,3081,3208,3208,0.0,127,7620,40.569
40649,25336,3081,3208,3208,0.0,127,7620,40.649
40730,25417,3081,3208,3208,0.0,127,7620,40.73
40810,25497,3081,3208,3208,0.0,127,7620,40.81
40889,25576,3081,3208,3208,0.0,127,7620,40.889
40969,25656,3081,3208,3208,0.0,127,7620,40.969
41049,25736,3081,3208,3208,0.0,127,7620,41.049
41130,25817,3081,3208,3208,0.0,127,7620,41.13
41210,25897,3081,3208,3208,0.0,127,7620,41.21
41290,25977,3081,3208,3208,0.0,127,7620,41.29
41369,26056,3081,3208,3208,0.0,127,7620,41.369
41450,26137,3081,3208,3208,0.0,127,7620,41.45
41530,26217,3081,3208,3208,0.0,127,7620,41.53
41609,26296,3081,3208,3208,0.0,127,7620,41.609
41689,26376,3081,3208,3208,0.0,127,7620,41.689
41769,26456,3081,3208,3208,0.0,127,7620,41.769
41850,26537,3081,3208,3208,0.0,127,7620,41.85
41929,26616,3081,3208,3208,0.0,127,7620,41.929
42009,26696,3081,3208,3208,0.0,127,7620,42.009
42090,26777,3081,3208,3208,0.0,127,7620,42.09
42169,26856,3081,3208,3208,0.0,127,7620,42.169
42249,26936,3081,3208,3208,0.0,127,7620,42.249
42329,27016,3081,3208,3208,0.0,127,7620,42.329
42409,27096,3081,3208,3208,0.0,127,7620,42.409
42489,27176,3081,3208,3208,0.0,127,7620,42.489
42570,27257,3081,3208,3208,0.0,127,7620,42.57
42649,27336,3081,3208,3208,0.0,127,7620,42.649
42729,27416,3081,3208,3208,0.0,127,7620,42.729
42809,27496,3081,3208,3208,0.0,127,7620,42.809
42890,27577,3081,3208,3208,0.0,127,7620,42.89
42970,27657,3081,3208,3208,0.0,127,7620,42.97
43049,27736,3081,3208,3208,0.0,127,7620,43.049
43130,27817,3081,3208,3208,0.0,127,7620,43.13
43209,27896,3081,3208,3208,0.0,127,7620,43.209
43290,27977,3081,3208,3208,0.0,127,7620,43.29
43369,28056,3081,3208,3208,0.0,127,7620,43.369
43451,28138,3081,3208,3208,0.0,127,7620,43.451
43529,28216,3081,3208,3208,0.0,127,7620,43.529
43609,28296,3081,3208,3208,0.0,127,7620,43.609
43699,28386,3083,4015,4015,807.0,932,55920,43.699
43769,28456,3169,4015,4015,0.0,846,50760,43.769
43849,28536,3296,4015,4015,0.0,719,43140,43.849
43929,28616,3408,4015,4015,0.0,607,36420,43.929
44010,28697,3503,4015,4015,0.0,512,30720,44.01
44089,28776,3579,4015,4015,0.0,436,26160,44.089
44169,28856,3641,4015,4015,0.0,374,22440,44.169
44250,28937,3692,4015,4015,0.0,323,19380,44.25
44329,29016,3734,4015,4015,0.0,281,16860,44.329
44409,29096,3768,4015,4015,0.0,247,14820,44.409
44488,29175,3794,4015,4015,0.0,221,13260,44.488
44569,29256,3819,4015,4015,0.0,196,11760,44.569
44649,29336,3836,4015,4015,0.0,179,10740,44.649
44730,29417,3852,4015,4015,0.0,163,9780,44.73
44809,29496,3865,4015,4015,0.0,150,9000,44.809
44889,29576,3876,4015,4015,0.0,139,8340,44.889
44969,29656,3883,4015,4015,0.0,132,7920,44.969
45049,29736,3886,4015,4015,0.0,129,7740,45.049
45129,29816,3888,4015,4015,0.0,127,7620,45.129
45209,29896,3890,4015,4015,0.0,125,7500,45.209
45288,29975,3891,4015,4015,0.0,124,7440,45.288
45369,30056,3891,4015,4015,0.0,124,7440,45.369
45449,30136,3891,4015,4015,0.0,124,7440,45.449
45529,30216,3891,4015,4015,0.0,124,7440,45.529
45609,30296,3891,4015,4015,0.0,124,7440,45.609
45689,30376,3891,4015,4015,0.0,124,7440,45.689
45769,30456,3891,4015,4015,0.0,124,7440,45.769
45849,30536,3891,4015,4015,0.0,124,7440,45.849
45929,30616,3891,4015,4015,0.0,124,7440,45.929
46009,30696,3891,4015,4015,0.0,124,7440,46.009
46089,30776,3891,4015,4015,0.0,124,7440,46.089
46170,30857,3891,4015,4015,0.0,124,7440,46.17
46249,30936,3891,4015,4015,0.0,124,7440,46.249
46329,31016,3891,4015,4015,0.0,124,7440,46.329
46409,31096,3891,4015,4015,0.0,124,7440,46.409
46488,31175,3891,4015,4015,0.0,124,7440,46.488
46568,31255,3891,4015,4015,0.0,124,7440,46.568
46649,31336,3891,4015,4015,0.0,124,7440,46.649
46728,31415,3891,4015,4015,0.0,124,7440,46.728
46809,31496,3891,4015,4015,0.0,124,7440,46.809
46889,31576,3891,4015,4015,0.0,124,7440,46.889
46968,31655,3891,4015,4015,0.0,124,7440,46.968
47048,31735,3892,4015,4015,0.0,123,7380,47.048
47130,31817,3891,4015,4015,0.0,124,7440,47.13
47209,31896,3891,4015,4015,0.0,124,7440,47.209
47289,31976,3891,4015,4015,0.0,124,7440,47.289
47368,32055,3891,4015,4015,0.0,124,7440,47.368
47449,32136,3891,4015,4015,0.0,124,7440,47.449
47528,32215,3891,4015,4015,0.0,124,7440,47.528
47608,32295,3891,4015,4015,0.0,124,7440,47.608
47688,32375,3891,4015,4015,0.0,124,7440,47.688
47768,32455,3891,4015,4015,0.0,124,7440,47.768
47849,32536,3891,4015,4015,0.0,124,7440,47.849
47929,32616,3891,4015,4015,0.0,124,7440,47.929
48008,32695,3891,4015,4015,0.0,124,7440,48.008
48088,8,3891,4015,4015,0.0,124,7440,48.088
48168,88,3891,4015,4015,0.0,124,7440,48.168
48247,167,3891,4015,4015,0.0,124,7440,48.247
48328,248,3891,4015,4015,0.0,124,7440,48.328
48407,327,3891,4015,4015,0.0,124,7440,48.407
48487,407,3891,4015,4015,0.0,124,7440,48.487
48568,488,3891,4015,4015,0.0,124,7440,48.568
48647,567,3891,4015,4015,0.0,124,7440,48.647
48728,648,3891,4015,4015,0.0,124,7440,48.728
48808,728,3891,4015,4015,0.0,124,7440,48.808
48887,807,3891,4015,4015,0.0,124,7440,48.887
48971,891,3891,4015,4015,0.0,124,7440,48.971
49047,967,3891,4015,4015,0.0,124,7440,49.047
49127,1047,3891,4015,4015,0.0,124,7440,49.127
49207,1127,3891,4015,4015,0.0,124,7440,49.207
49287,1207,3891,4015,4015,0.0,124,7440,49.287
49368,1288,3891,4015,4015,0.0,124,7440,49.368
49447,1367,3891,4015,4015,0.0,124,7440,49.447
49527,1447,3891,4015,4015,0.0,124,7440,49.527
49627,1547,3884,2594,2594,-1421.0,-1290,-77400,49.627
49708,1628,3710,2594,2594,0.0,-1116,-66960,49.708
49787,1707,3518,2594,2594,0.0,-924,-55440,49.787
49868,1788,3353,2594,2594,0.0,-759,-45540,49.868
49947,1867,3224,2594,2594,0.0,-630,-37800,49.947
50028,1948,3120,2594,2594,0.0,-526,-31560,50.028
50107,2027,3039,2594,2594,0.0,-445,-26700,50.107
50187,2107,2971,2594,2594,0.0,-377,-22620,50.187
50267,2187,2916,2594,2594,0.0,-322,-19320,50.267
50348,2268,2873,2594,2594,0.0,-279,-16740,50.348
50427,2347,2836,2594,2594,0.0,-242,-14520,50.427
50507,2427,2806,2594,2594,0.0,-212,-12720,50.507
50587,2507,2783,2594,2594,0.0,-189,-11340,50.587
50668,2588,2764,2594,2594,0.0,-170,-10200,50.668
50747,2667,2745,2594,2594,0.0,-151,-9060,50.747
50827,2747,2730,2594,2594,0.0,-136,-8160,50.827
50907,2827,2721,2594,2594,0.0,-127,-7620,50.907
50988,2908,2711,2594,2594,0.0,-117,-7020,50.988
51068,2988,2702,2594,2594,0.0,-108,-6480,51.068
51147,3067,2694,2594,2594,0.0,-100,-6000,51.147
51227,3147,2689,2594,2594,0.0,-95,-5700,51.227
51307,3227,2687,2594,2594,0.0,-93,-5580,51.307
51387,3307,2686,2594,2594,0.0,-92,-5520,51.387
51468,3388,2684,2594,2594,0.0,-90,-5400,51.468
51547,3467,2682,2594,2594,0.0,-88,-5280,51.547
51627,3547,2681,2594,2594,0.0,-87,-5220,51.627
51707,3627,2681,2594,2594,0.0,-87,-5220,51.707
51787,3707,2681,2594,2594,0.0,-87,-5220,51.787
51867,3787,2681,2594,2594,0.0,-87,-5220,51.867
51948,3868,2681,2594,2594,0.0,-87,-5220,51.948
52027,3947,2681,2594,2594,0.0,-87,-5220,52.027
52108,4028,2681,2594,2594,0.0,-87,-5220,52.108
52187,4107,2681,2594,2594,0.0,-87,-5220,52.187
52267,4187,2681,2594,2594,0.0,-87,-5220,52.267
52348,4268,2681,2594,2594,0.0,-87,-5220,52.348
52427,4347,2681,2594,2594,0.0,-87,-5220,52.427
52507,4427,2681,2594,2594,0.0,-87,-5220,52.507
52586,4506,2681,2594,2594,0.0,-87,-5220,52.586
52667,4587,2681,2594,2594,0.0,-87,-5220,52.667
52747,4667,2681,2594,2594,0.0,-87,-5220,52.747
52827,4747,2681,2594,2594,0.0,-87,-5220,52.827
52907,4827,2681,2594,2594,0.0,-87,-5220,52.907
52987,4907,2681,2594,2594,0.0,-87,-5220,52.987
53067,4987,2681,2594,2594,0.0,-87,-5220,53.067
53147,5067,2681,2594,2594,0.0,-87,-5220,53.147
53228,5148,2681,2594,2594,0.0,-87,-5220,53.228
53307,5227,2681,2594,2594,0.0,-87,-5220,53.307
53387,5307,2681,2594,2594,0.0,-87,-5220,53.387
53466,5386,2681,2594,2594,0.0,-87,-5220,53.466
53547,5467,2681,2594,2594,0.0,-87,-5220,53.547
53627,5547,2681,2594,2594,0.0,-87,-5220,53.627
53707,5627,2681,2594,2594,0.0,-87,-5220,53.707
53787,5707,2681,2594,2594,0.0,-87,-5220,53.787
53867,5787,2681,2594,2594,0.0,-87,-5220,53.867
53947,5867,2681,2594,2594,0.0,-87,-5220,53.947
54026,5946,2681,2594,2594,0.0,-87,-5220,54.026
54106,6026,2681,2594,2594,0.0,-87,-5220,54.106
54187,6107,2681,2594,2594,0.0,-87,-5220,54.187
54267,6187,2681,2594,2594,0.0,-87,-5220,54.267
54347,6267,2681,2594,2594,0.0,-87,-5220,54.347
54426,6346,2681,2594,2594,0.0,-87,-5220,54.426
54507,6427,2681,2594,2594,0.0,-87,-5220,54.507
54587,6507,2681,2594,2594,0.0,-87,-5220,54.587
54668,6588,2681,2594,2594,0.0,-87,-5220,54.668
54747,6667,2681,2594,2594,0.0,-87,-5220,54.747
54827,6747,2681,2594,2594,0.0,-87,-5220,54.827
54907,6827,2681,2594,2594,0.0,-87,-5220,54.907
54986,6906,2681,2594,2594,0.0,-87,-5220,54.986
55067,6987,2681,2594,2594,0.0,-87,-5220,55.067
55147,7067,2681,2594,2594,0.0,-87,-5220,55.147
55227,7147,2681,2594,2594,0.0,-87,-5220,55.227
55307,7227,2681,2594,2594,0.0,-87,-5220,55.307
55387,7307,2681,2594,2594,0.0,-87,-5220,55.387
55468,7388,2681,2594,2594,0.0,-87,-5220,55.468
55547,7467,2681,2594,2594,0.0,-87,-5220,55.547
55626,7546,2681,2594,2594,0.0,-87,-5220,55.626
55706,7626,2681,2594,2594,0.0,-87,-5220,55.706
55787,7707,2681,2594,2594,0.0,-87,-5220,55.787
55867,7787,2681,2594,2594,0.0,-87,-5220,55.867
55946,7866,2681,2594,2594,0.0,-87,-5220,55.946
56027,7947,2681,2594,2594,0.0,-87,-5220,56.027
56106,8026,2681,2594,2594,0.0,-87,-5220,56.106
56187,8107,2681,2594,2594,0.0,-87,-5220,56.187
56267,8187,2681,2594,2594,0.0,-87,-5220,56.267
56346,8266,2681,2594,2594,0.0,-87,-5220,56.346
56426,8346,2681,2594,2594,0.0,-87,-5220,56.426
56507,8427,2681,2594,2594,0.0,-87,-5220,56.507
56587,8507,2681,2594,2594,0.0,-87,-5220,56.587
56666,8586,2681,2594,2594,0.0,-87,-5220,56.666
56747,8667,2681,2594,2594,0.0,-87,-5220,56.747
56826,8746,2681,2594,2594,0.0,-87,-5220,56.826
56906,8826,2681,2594,2594,0.0,-87,-5220,56.906
56987,8907,2681,2594,2594,0.0,-87,-5220,56.987
